24,2.92,2.92,2.92,2.92
25,2.92,2.93,2.93,2.92
26,2.97,2.97,2.97,2.97
27,2.96,2.97,2.96,2.97
28,2.97,2.97,2.98,2.97
29,2.98,2.97,2.97,2.98
30,2.98,2.98,2.97,2.97
31,2.98,2.98,2.97,2.98
32,2.98,2.98,2.97,2.98
33,2.98,2.97,2.97,2.98
34,2.97,2.97,2.97,2.98
35,2.98,2.97,2.97,2.98
36,2.99,2.99,2.99,2.99
37,3.00,3.00,2.99,3.00
38,3.00,3.00,3.00,3.00
39,3.01,3.01,3.01,3.00
40,3.01,3.01,3.01,3.01
41,3.02,3.02,3.02,3.02
42,3.02,3.02,3.02,3.02
43,3.02,3.02,3.02,3.02
44,3.02,3.02,3.02,3.02
45,3.02,3.02,3.02,3.02
46,3.02,3.02,3.02,3.02
47,3.02,3.02,3.02,3.02
48,3.02,3.02,3.02,3.03
49,3.02,3.02,3.02,3.02
50,3.03,3.03,3.03,3.03
51,3.03,3.03,3.02,3.03
52,3.03,3.03,3.03,3.03
53,3.03,3.03,3.03,3.03
54,3.03,3.03,3.03,3.03
55,3.03,3.03,3.03,3.03
56,3.03,3.03,3.03,3.03
57,3.03,3.03,3.03,3.03
58,3.03,3.01,3.03,3.03
59,3.03,3.03,3.03,3.03
60,3.03,3.03,3.03,3.03
61,3.03,3.03,3.03,3.05
62,3.03,3.03,3.03,3.03
63,3.03,3.03,3.03,3.03
64,3.03,3.03,3.03,3.03
65,3.03,3.03,3.03,3.03
66,3.03,3.03,3.03,3.03
67,3.03,3.03,3.03,3.03
68,3.03,3.03,3.03,3.03
69,3.04,3.03,3.03,3.03
70,3.03,3.03,3.03,3.03
71,3.03,3.03,3.03,3.03
72,3.03,3.03,3.03,3.03
73,3.03,3.03,3.03,3.03
74,3.03,3.03,3.03,3.04
75,3.03,3.03,3.03,3.03
76,2.93,2.93,2.93,2.93
77,2.93,2.93,2.93,2.93
78,2.93,2.92,2.93,2.93
79,2.94,2.94,2.93,2.94
80,2.94,2.94,2.93,2.94
81,2.93,2.93,2.93,2.93
82,2.93,2.93,2.93,2.93
83,2.93,2.93,2.93,2.93
84,2.93,2.93,2.93,2.94
85,2.93,2.93,2.93,2.93
86,2.92,2.92,2.92,2.92
87,2.95,2.93,2.93,2.93
88,2.93,2.93,2.93,2.93
89,2.93,2.93,2.93,2.94
90,2.94,2.93,2.94,2.94
91,2.93,2.92,2.93,2.94
92,2.93,2.94,2.93,2.93
93,2.94,2.93,2.93,2.93
94,2.94,2.93,2.93,2.93
95,2.94,2.94,2.93,2.93
96,2.94,2.93,2.93,2.93
97,2.96,2.95,2.95,2.95
98,2.97,2.97,2.97,2.97
99,2.98,2.97,2.97,2.97
100,2.97,2.97,2.98,2.97
101,2.97,2.98,2.98,2.98
102,2.98,2.98,2.98,2.98
103,2.98,2.98,2.97,2.97
104,2.98,2.98,2.98,2.97
105,2.98,2.98,2.98,2.98
106,2.98,2.98,2.98,2.98
107,2.98,2.98,2.98,2.97
108,2.98,2.98,2.98,2.97
109,2.98,2.98,2.98,2.98
110,2.98,2.98,2.98,2.98
111,2.98,2.97,2.98,2.98
112,2.97,2.97,2.97,2.97
113,2.97,2.98,2.97,2.98
114,2.98,2.98,2.98,2.98
115,2.98,2.98,2.98,2.98
116,2.97,2.98,2.98,2.98
117,2.98,2.97,2.98,2.98
118,2.98,2.98,2.98,2.98
119,2.98,2.98,2.98,2.98
120,2.98,2.98,2.98,2.98
121,2.98,2.98,2.98,2.98
122,2.98,2.97,2.98,2.98
123,2.98,2.98,2.98,2.98
124,2.97,2.98,2.98,2.98
125,2.98,2.98,2.98,2.97
126,2.98,2.98,2.98,2.98
127,2.98,2.98,2.98,2.98
128,2.98,2.97,2.98,2.98
129,2.98,2.98,2.98,2.98
130,2.97,2.98,2.98,2.98
131,2.98,2.98,2.98,2.98
132,2.98,2.98,2.98,2.98
133,2.98,2.98,2.98,2.98
134,2.98,2.98,2.98,2.98
135,2.98,2.98,2.98,2.98
136,2.98,2.98,2.98,2.98
137,2.98,2.98,2.98,2.98
138,2.98,2.98,2.98,2.98
139,2.99,2.98,2.98,2.98
140,2.99,2.98,2.98,2.98
141,2.99,2.98,2.98,2.98
142,2.98,2.98,2.98,2.98
143,2.98,2.98,2.98,2.98
144,2.98,2.98,2.98,2.98
145,2.98,2.98,2.96,2.98
146,2.98,2.98,2.98,2.98
147,2.98,2.98,2.98,2.98
148,2.98,2.98,2.98,2.98
149,2.98,2.98,2.98,2.98
150,2.98,2.98,2.97,2.97
151,2.97,2.97,2.97,2.97
152,2.97,2.97,2.98,2.98
153,2.98,2.97,2.98,2.98
154,2.98,2.97,2.97,2.97
155,2.98,2.98,2.98,2.98
156,2.98,2.97,2.97,2.98
157,2.98,2.98,2.97,2.97
158,2.98,2.97,2.98,2.97
159,2.97,2.97,2.97,2.97
160,2.97,2.97,2.98,2.97
161,2.97,2.97,2.97,2.96
162,2.97,2.97,2.97,2.97
163,2.81,2.82,2.82,2.81
164,2.80,2.80,2.80,2.80
165,2.92,2.92,2.91,2.92
166,2.78,2.78,2.77,2.78
167,2.77,2.77,2.77,2.77
168,2.79,2.79,2.79,2.79
169,2.88,2.88,2.88,2.88
170,2.87,2.87,2.87,2.87
171,2.88,2.87,2.87,2.87
172,2.87,2.87,2.87,2.87
173,2.66,2.66,2.66,2.66
174,2.65,2.65,2.65,2.65
175,2.60,2.60,2.60,2.60
176,2.63,2.63,2.63,2.62
177,2.64,2.64,2.64,2.64
178,2.65,2.65,2.65,2.65
179,2.65,2.65,2.65,2.65
180,2.65,2.65,2.65,2.65
181,2.65,2.65,2.65,2.64
182,2.64,2.64,2.64,2.64
183,2.64,2.64,2.64,2.64
184,2.64,2.64,2.64,2.64
185,2.63,2.63,2.63,2.63
186,2.62,2.62,2.62,2.62
187,2.62,2.62,2.62,2.62
188,2.61,2.61,2.61,2.61
189,2.60,2.61,2.60,2.60
190,2.61,2.60,2.60,2.60
191,2.60,2.60,2.60,2.60
192,2.60,2.60,2.60,2.60
193,2.60,2.60,2.60,2.60
194,2.60,2.60,2.60,2.60
195,2.60,2.60,2.60,2.60
196,2.61,2.60,2.60,2.60
197,2.60,2.60,2.60,2.60
198,2.61,2.60,2.60,2.60
199,2.60,2.61,2.61,2.61
200,2.61,2.60,2.61,2.60
201,2.61,2.60,2.60,2.60
202,2.61,2.61,2.60,2.60
203,2.61,2.60,2.61,2.60
204,2.61,2.61,2.61,2.61
205,2.61,2.61,2.60,2.60
206,2.61,2.61,2.61,2.60
207,2.61,2.60,2.61,2.60
208,2.60,2.61,2.60,2.60
209,2.60,2.61,2.60,2.60
210,2.61,2.60,2.60,2.60
211,2.61,2.60,2.60,2.60
212,2.61,2.60,2.60,2.60
213,2.60,2.60,2.60,2.60
214,2.60,2.60,2.60,2.60
215,2.60,2.60,2.60,2.60
216,2.61,2.60,2.60,2.60
217,2.60,2.60,2.60,2.60
218,2.60,2.60,2.60,2.60
219,2.60,2.60,2.60,2.60
220,2.60,2.60,2.60,2.60
221,2.60,2.60,2.60,2.60
222,2.60,2.60,2.60,2.59
223,2.60,2.60,2.60,2.60
224,2.60,2.59,2.60,2.60
225,2.60,2.60,2.59,2.59
226,2.60,2.59,2.59,2.59
227,2.60,2.59,2.59,2.59
228,2.60,2.59,2.59,2.59
229,2.59,2.59,2.59,2.60
230,2.59,2.59,2.59,2.59
231,2.60,2.59,2.59,2.59
232,2.60,2.60,2.59,2.59
233,2.60,2.59,2.59,2.59
234,2.59,2.59,2.59,2.59
235,2.59,2.59,2.59,2.59
236,2.59,2.59,2.59,2.59
237,2.59,2.59,2.59,2.59
238,2.59,2.59,2.59,2.59
239,2.59,2.59,2.59,2.59
240,2.59,2.59,2.59,2.59
241,2.59,2.59,2.59,2.59
242,2.59,2.59,2.59,2.59
243,2.59,2.59,2.59,2.59
244,2.59,2.59,2.59,2.59
245,2.59,2.59,2.59,2.59
246,2.59,2.59,2.59,2.59
247,2.59,2.59,2.59,2.59
248,2.59,2.59,2.59,2.59
249,2.59,2.59,2.59,2.59
250,2.59,2.59,2.59,2.59
251,2.59,2.59,2.59,2.59
252,2.58,2.59,2.59,2.59
253,2.59,2.59,2.59,2.59
254,2.59,2.59,2.59,2.59
255,2.59,2.58,2.59,2.58
256,2.59,2.59,2.58,2.59
257,2.59,2.59,2.59,2.59
258,2.59,2.59,2.59,2.59
259,2.59,2.59,2.59,2.59
260,2.59,2.58,2.59,2.59
261,2.59,2.59,2.59,2.59
262,2.59,2.59,2.59,2.59
263,2.59,2.58,2.58,2.58
264,2.59,2.59,2.59,2.58
265,2.59,2.58,2.59,2.58
266,2.61,2.58,2.58,2.59
267,2.59,2.58,2.59,2.58
268,2.59,2.58,2.58,2.58
269,2.58,2.58,2.59,2.58
270,2.59,2.58,2.58,2.58
271,2.59,2.58,2.58,2.58
272,2.59,2.58,2.58,2.58
273,2.59,2.59,2.58,2.58
274,2.59,2.58,2.58,2.58
275,2.58,2.58,2.58,2.58
276,2.59,2.58,2.58,2.58
277,2.58,2.58,2.58,2.58
278,2.58,2.58,2.58,2.58
279,2.58,2.58,2.58,2.58
280,2.58,2.58,2.58,2.58
281,2.59,2.58,2.58,2.58
282,2.58,2.58,2.58,2.58
283,2.58,2.58,2.58,2.58
284,2.58,2.58,2.58,2.58
285,2.58,2.58,2.58,2.58
286,2.58,2.58,2.58,2.58
287,2.58,2.58,2.58,2.58
288,2.58,2.58,2.58,2.58
289,2.58,2.58,2.58,2.58
290,2.58,2.58,2.58,2.58
291,2.58,2.58,2.58,2.58
292,2.58,2.58,2.58,2.58
293,2.58,2.58,2.58,2.58
294,2.58,2.58,2.58,2.58
295,2.58,2.58,2.58,2.58
296,2.58,2.58,2.58,2.58
297,2.58,2.58,2.58,2.58
298,2.58,2.58,2.58,2.58
299,2.58,2.58,2.58,2.58
300,2.58,2.58,2.58,2.58
301,2.58,2.58,2.58,2.58
302,2.58,2.58,2.58,2.57
303,2.58,2.58,2.59,2.58
304,2.58,2.58,2.58,2.58
305,2.58,2.58,2.58,2.58
306,2.58,2.58,2.58,2.58
307,2.58,2.58,2.58,2.58
308,2.58,2.58,2.58,2.58
309,2.58,2.57,2.58,2.57
310,2.58,2.57,2.57,2.57
311,2.57,2.57,2.58,2.57
312,2.58,2.58,2.57,2.57
313,2.58,2.57,2.57,2.57
314,2.58,2.58,2.57,2.57
315,2.57,2.57,2.58,2.58
316,2.58,2.58,2.57,2.58
317,2.58,2.57,2.58,2.58
318,2.58,2.58,2.58,2.58
319,2.57,2.58,2.58,2.57
320,2.58,2.58,2.58,2.58
321,2.58,2.57,2.58,2.58
322,2.58,2.58,2.58,2.57
323,2.58,2.57,2.57,2.57
324,2.58,2.58,2.58,2.57
325,2.58,2.58,2.57,2.58
326,2.57,2.57,2.58,2.58
327,2.58,2.58,2.58,2.57
328,2.57,2.57,2.57,2.57
329,2.58,2.57,2.57,2.57
330,2.57,2.57,2.57,2.57
331,2.57,2.57,2.57,2.57
332,2.57,2.57,2.57,2.57
333,2.57,2.57,2.57,2.57
334,2.57,2.57,2.57,2.57
335,2.57,2.57,2.57,2.57
336,2.57,2.57,2.57,2.57
337,2.57,2.57,2.57,2.57
338,2.57,2.57,2.57,2.57
339,2.57,2.57,2.57,2.57
340,2.57,2.57,2.57,2.57
341,2.57,2.57,2.57,2.57
342,2.57,2.57,2.57,2.57
343,2.57,2.57,2.57,2.57
344,2.57,2.57,2.57,2.57
345,2.57,2.57,2.57,2.57
346,2.57,2.57,2.57,2.57
347,2.57,2.57,2.57,2.57
348,2.57,2.57,2.57,2.57
349,2.57,2.57,2.57,2.57
350,2.57,2.57,2.57,2.57
351,2.57,2.57,2.57,2.57
352,2.57,2.57,2.57,2.57
353,2.57,2.57,2.57,2.57
354,2.57,2.57,2.56,2.57
355,2.57,2.57,2.57,2.57
356,2.57,2.57,2.57,2.57
357,2.57,2.57,2.57,2.57
358,2.57,2.57,2.57,2.57
359,2.57,2.57,2.57,2.57
360,2.57,2.57,2.57,2.57
361,2.57,2.57,2.57,2.57
362,2.57,2.57,2.57,2.57
363,2.56,2.56,2.57,2.56
364,2.57,2.56,2.56,2.56
365,2.57,2.56,2.56,2.56
366,2.56,2.56,2.56,2.56
367,2.56,2.56,2.56,2.56
368,2.56,2.56,2.56,2.56
369,2.56,2.56,2.56,2.56
370,2.56,2.56,2.56,2.56
371,2.56,2.56,2.56,2.56
372,2.56,2.56,2.57,2.56
373,2.56,2.56,2.56,2.56
374,2.56,2.56,2.56,2.56
375,2.56,2.56,2.56,2.56
376,2.56,2.56,2.55,2.56
377,2.56,2.55,2.56,2.56
378,2.56,2.55,2.56,2.56
379,2.56,2.56,2.56,2.56
380,2.56,2.56,2.55,2.56
381,2.56,2.56,2.55,2.55
382,2.56,2.55,2.55,2.56
383,2.55,2.55,2.55,2.55
384,2.55,2.55,2.55,2.55
385,2.55,2.55,2.55,2.55
386,2.55,2.55,2.55,2.55
387,2.55,2.55,2.55,2.55
388,2.55,2.55,2.55,2.55
389,2.55,2.55,2.55,2.55
390,2.55,2.55,2.55,2.54
391,2.55,2.55,2.55,2.55
392,2.55,2.55,2.55,2.55
393,2.56,2.55,2.55,2.56
394,2.56,2.56,2.56,2.55
395,2.56,2.56,2.56,2.56
396,2.56,2.56,2.56,2.56
397,2.56,2.56,2.55,2.55
398,2.56,2.56,2.55,2.55
399,2.55,2.55,2.55,2.55
400,2.55,2.55,2.55,2.55
401,2.55,2.55,2.55,2.55
402,2.55,2.55,2.55,2.55
403,2.55,2.55,2.55,2.55
404,2.54,2.54,2.54,2.54
406,2.54,2.54,2.54,2.54
413,2.54,2.54,2.54,2.54
414,2.54,2.54,2.54,2.54
415,2.54,2.54,2.54,2.54
416,2.54,2.54,2.54,2.54
24,2.92,2.92,2.92,2.92
25,2.92,2.93,2.93,2.92
26,2.97,2.97,2.97,2.97
27,2.96,2.97,2.96,2.97
28,2.97,2.97,2.98,2.97
29,2.98,2.97,2.97,2.98
30,2.98,2.98,2.97,2.97
31,2.98,2.98,2.97,2.98
32,2.98,2.98,2.97,2.98
33,2.98,2.97,2.97,2.98
34,2.97,2.97,2.97,2.98
35,2.98,2.97,2.97,2.98
36,2.99,2.99,2.99,2.99
37,3.00,3.00,2.99,3.00
38,3.00,3.00,3.00,3.00
39,3.01,3.01,3.01,3.00
40,3.01,3.01,3.01,3.01
41,3.02,3.02,3.02,3.02
42,3.02,3.02,3.02,3.02
43,3.02,3.02,3.02,3.02
44,3.02,3.02,3.02,3.02
45,3.02,3.02,3.02,3.02
46,3.02,3.02,3.02,3.02
47,3.02,3.02,3.02,3.02
48,3.02,3.02,3.02,3.03
49,3.02,3.02,3.02,3.02
50,3.03,3.03,3.03,3.03
51,3.03,3.03,3.02,3.03
52,3.03,3.03,3.03,3.03
53,3.03,3.03,3.03,3.03
54,3.03,3.03,3.03,3.03
55,3.03,3.03,3.03,3.03
56,3.03,3.03,3.03,3.03
57,3.03,3.03,3.03,3.03
58,3.03,3.01,3.03,3.03
59,3.03,3.03,3.03,3.03
60,3.03,3.03,3.03,3.03
61,3.03,3.03,3.03,3.05
62,3.03,3.03,3.03,3.03
63,3.03,3.03,3.03,3.03
64,3.03,3.03,3.03,3.03
65,3.03,3.03,3.03,3.03
66,3.03,3.03,3.03,3.03
67,3.03,3.03,3.03,3.03
68,3.03,3.03,3.03,3.03
69,3.04,3.03,3.03,3.03
70,3.03,3.03,3.03,3.03
71,3.03,3.03,3.03,3.03
72,3.03,3.03,3.03,3.03
73,3.03,3.03,3.03,3.03
74,3.03,3.03,3.03,3.04
75,3.03,3.03,3.03,3.03
76,2.93,2.93,2.93,2.93
77,2.93,2.93,2.93,2.93
78,2.93,2.92,2.93,2.93
79,2.94,2.94,2.93,2.94
80,2.94,2.94,2.93,2.94
81,2.93,2.93,2.93,2.93
82,2.93,2.93,2.93,2.93
83,2.93,2.93,2.93,2.93
84,2.93,2.93,2.93,2.94
85,2.93,2.93,2.93,2.93
86,2.92,2.92,2.92,2.92
87,2.95,2.93,2.93,2.93
88,2.93,2.93,2.93,2.93
89,2.93,2.93,2.93,2.94
90,2.94,2.93,2.94,2.94
91,2.93,2.92,2.93,2.94
92,2.93,2.94,2.93,2.93
93,2.94,2.93,2.93,2.93
94,2.94,2.93,2.93,2.93
95,2.94,2.94,2.93,2.93
96,2.94,2.93,2.93,2.93
97,2.96,2.95,2.95,2.95
98,2.97,2.97,2.97,2.97
99,2.98,2.97,2.97,2.97
100,2.97,2.97,2.98,2.97
101,2.97,2.98,2.98,2.98
102,2.98,2.98,2.98,2.98
103,2.98,2.98,2.97,2.97
104,2.98,2.98,2.98,2.97
105,2.98,2.98,2.98,2.98
106,2.98,2.98,2.98,2.98
107,2.98,2.98,2.98,2.97
108,2.98,2.98,2.98,2.97
109,2.98,2.98,2.98,2.98
110,2.98,2.98,2.98,2.98
111,2.98,2.97,2.98,2.98
112,2.97,2.97,2.97,2.97
113,2.97,2.98,2.97,2.98
114,2.98,2.98,2.98,2.98
115,2.98,2.98,2.98,2.98
116,2.97,2.98,2.98,2.98
117,2.98,2.97,2.98,2.98
118,2.98,2.98,2.98,2.98
119,2.98,2.98,2.98,2.98
120,2.98,2.98,2.98,2.98
121,2.98,2.98,2.98,2.98
122,2.98,2.97,2.98,2.98
123,2.98,2.98,2.98,2.98
124,2.97,2.98,2.98,2.98
125,2.98,2.98,2.98,2.97
126,2.98,2.98,2.98,2.98
127,2.98,2.98,2.98,2.98
128,2.98,2.97,2.98,2.98
129,2.98,2.98,2.98,2.98
130,2.97,2.98,2.98,2.98
131,2.98,2.98,2.98,2.98
132,2.98,2.98,2.98,2.98
133,2.98,2.98,2.98,2.98
134,2.98,2.98,2.98,2.98
135,2.98,2.98,2.98,2.98
136,2.98,2.98,2.98,2.98
137,2.98,2.98,2.98,2.98
138,2.98,2.98,2.98,2.98
139,2.99,2.98,2.98,2.98
140,2.99,2.98,2.98,2.98
141,2.99,2.98,2.98,2.98
142,2.98,2.98,2.98,2.98
143,2.98,2.98,2.98,2.98
144,2.98,2.98,2.98,2.98
145,2.98,2.98,2.96,2.98
146,2.98,2.98,2.98,2.98
147,2.98,2.98,2.98,2.98
148,2.98,2.98,2.98,2.98
149,2.98,2.98,2.98,2.98
150,2.98,2.98,2.97,2.97
151,2.97,2.97,2.97,2.97
152,2.97,2.97,2.98,2.98
153,2.98,2.97,2.98,2.98
154,2.98,2.97,2.97,2.97
155,2.98,2.98,2.98,2.98
156,2.98,2.97,2.97,2.98
157,2.98,2.98,2.97,2.97
158,2.98,2.97,2.98,2.97
159,2.97,2.97,2.97,2.97
160,2.97,2.97,2.98,2.97
161,2.97,2.97,2.97,2.96
162,2.97,2.97,2.97,2.97
163,2.81,2.82,2.82,2.81
164,2.80,2.80,2.80,2.80
165,2.92,2.92,2.91,2.92
166,2.78,2.78,2.77,2.78
167,2.77,2.77,2.77,2.77
168,2.79,2.79,2.79,2.79
169,2.88,2.88,2.88,2.88
170,2.87,2.87,2.87,2.87
171,2.88,2.87,2.87,2.87
172,2.87,2.87,2.87,2.87
173,2.66,2.66,2.66,2.66
174,2.65,2.65,2.65,2.65
175,2.60,2.60,2.60,2.60
176,2.63,2.63,2.63,2.62
177,2.64,2.64,2.64,2.64
178,2.65,2.65,2.65,2.65
179,2.65,2.65,2.65,2.65
180,2.65,2.65,2.65,2.65
181,2.65,2.65,2.65,2.64
182,2.64,2.64,2.64,2.64
183,2.64,2.64,2.64,2.64
184,2.64,2.64,2.64,2.64
185,2.63,2.63,2.63,2.63
186,2.62,2.62,2.62,2.62
187,2.62,2.62,2.62,2.62
188,2.61,2.61,2.61,2.61
189,2.60,2.61,2.60,2.60
190,2.61,2.60,2.60,2.60
191,2.60,2.60,2.60,2.60
192,2.60,2.60,2.60,2.60
193,2.60,2.60,2.60,2.60
194,2.60,2.60,2.60,2.60
195,2.60,2.60,2.60,2.60
196,2.61,2.60,2.60,2.60
197,2.60,2.60,2.60,2.60
198,2.61,2.60,2.60,2.60
199,2.60,2.61,2.61,2.61
200,2.61,2.60,2.61,2.60
201,2.61,2.60,2.60,2.60
202,2.61,2.61,2.60,2.60
203,2.61,2.60,2.61,2.60
204,2.61,2.61,2.61,2.61
205,2.61,2.61,2.60,2.60
206,2.61,2.61,2.61,2.60
207,2.61,2.60,2.61,2.60
208,2.60,2.61,2.60,2.60
209,2.60,2.61,2.60,2.60
210,2.61,2.60,2.60,2.60
211,2.61,2.60,2.60,2.60
212,2.61,2.60,2.60,2.60
213,2.60,2.60,2.60,2.60
214,2.60,2.60,2.60,2.60
215,2.60,2.60,2.60,2.60
216,2.61,2.60,2.60,2.60
217,2.60,2.60,2.60,2.60
218,2.60,2.60,2.60,2.60
219,2.60,2.60,2.60,2.60
220,2.60,2.60,2.60,2.60
221,2.60,2.60,2.60,2.60
222,2.60,2.60,2.60,2.59
223,2.60,2.60,2.60,2.60
224,2.60,2.59,2.60,2.60
225,2.60,2.60,2.59,2.59
226,2.60,2.59,2.59,2.59
227,2.60,2.59,2.59,2.59
228,2.60,2.59,2.59,2.59
229,2.59,2.59,2.59,2.60
230,2.59,2.59,2.59,2.59
231,2.60,2.59,2.59,2.59
232,2.60,2.60,2.59,2.59
233,2.60,2.59,2.59,2.59
234,2.59,2.59,2.59,2.59
235,2.59,2.59,2.59,2.59
236,2.59,2.59,2.59,2.59
237,2.59,2.59,2.59,2.59
238,2.59,2.59,2.59,2.59
239,2.59,2.59,2.59,2.59
240,2.59,2.59,2.59,2.59
241,2.59,2.59,2.59,2.59
242,2.59,2.59,2.59,2.59
243,2.59,2.59,2.59,2.59
244,2.59,2.59,2.59,2.59
245,2.59,2.59,2.59,2.59
246,2.59,2.59,2.59,2.59
247,2.59,2.59,2.59,2.59
248,2.59,2.59,2.59,2.59
249,2.59,2.59,2.59,2.59
250,2.59,2.59,2.59,2.59
251,2.59,2.59,2.59,2.59
252,2.58,2.59,2.59,2.59
253,2.59,2.59,2.59,2.59
254,2.59,2.59,2.59,2.59
255,2.59,2.58,2.59,2.58
256,2.59,2.59,2.58,2.59
257,2.59,2.59,2.59,2.59
258,2.59,2.59,2.59,2.59
259,2.59,2.59,2.59,2.59
260,2.59,2.58,2.59,2.59
261,2.59,2.59,2.59,2.59
262,2.59,2.59,2.59,2.59
263,2.59,2.58,2.58,2.58
264,2.59,2.59,2.59,2.58
265,2.59,2.58,2.59,2.58
266,2.61,2.58,2.58,2.59
267,2.59,2.58,2.59,2.58
268,2.59,2.58,2.58,2.58
269,2.58,2.58,2.59,2.58
270,2.59,2.58,2.58,2.58
271,2.59,2.58,2.58,2.58
272,2.59,2.58,2.58,2.58
273,2.59,2.59,2.58,2.58
274,2.59,2.58,2.58,2.58
275,2.58,2.58,2.58,2.58
276,2.59,2.58,2.58,2.58
277,2.58,2.58,2.58,2.58
278,2.58,2.58,2.58,2.58
279,2.58,2.58,2.58,2.58
280,2.58,2.58,2.58,2.58
281,2.59,2.58,2.58,2.58
282,2.58,2.58,2.58,2.58
283,2.58,2.58,2.58,2.58
284,2.58,2.58,2.58,2.58
285,2.58,2.58,2.58,2.58
286,2.58,2.58,2.58,2.58
287,2.58,2.58,2.58,2.58
288,2.58,2.58,2.58,2.58
289,2.58,2.58,2.58,2.58
290,2.58,2.58,2.58,2.58
291,2.58,2.58,2.58,2.58
292,2.58,2.58,2.58,2.58
293,2.58,2.58,2.58,2.58
294,2.58,2.58,2.58,2.58
295,2.58,2.58,2.58,2.58
296,2.58,2.58,2.58,2.58
297,2.58,2.58,2.58,2.58
298,2.58,2.58,2.58,2.58
299,2.58,2.58,2.58,2.58
300,2.58,2.58,2.58,2.58
301,2.58,2.58,2.58,2.58
302,2.58,2.58,2.58,2.57
303,2.58,2.58,2.59,2.58
304,2.58,2.58,2.58,2.58
305,2.58,2.58,2.58,2.58
306,2.58,2.58,2.58,2.58
307,2.58,2.58,2.58,2.58
308,2.58,2.58,2.58,2.58
309,2.58,2.57,2.58,2.57
310,2.58,2.57,2.57,2.57
311,2.57,2.57,2.58,2.57
312,2.58,2.58,2.57,2.57
313,2.58,2.57,2.57,2.57
314,2.58,2.58,2.57,2.57
315,2.57,2.57,2.58,2.58
316,2.58,2.58,2.57,2.58
317,2.58,2.57,2.58,2.58
318,2.58,2.58,2.58,2.58
319,2.57,2.58,2.58,2.57
320,2.58,2.58,2.58,2.58
321,2.58,2.57,2.58,2.58
322,2.58,2.58,2.58,2.57
323,2.58,2.57,2.57,2.57
324,2.58,2.58,2.58,2.57
325,2.58,2.58,2.57,2.58
326,2.57,2.57,2.58,2.58
327,2.58,2.58,2.58,2.57
328,2.57,2.57,2.57,2.57
329,2.58,2.57,2.57,2.57
330,2.57,2.57,2.57,2.57
331,2.57,2.57,2.57,2.57
332,2.57,2.57,2.57,2.57
333,2.57,2.57,2.57,2.57
334,2.57,2.57,2.57,2.57
335,2.57,2.57,2.57,2.57
336,2.57,2.57,2.57,2.57
337,2.57,2.57,2.57,2.57
338,2.57,2.57,2.57,2.57
339,2.57,2.57,2.57,2.57
340,2.57,2.57,2.57,2.57
341,2.57,2.57,2.57,2.57
342,2.57,2.57,2.57,2.57
343,2.57,2.57,2.57,2.57
344,2.57,2.57,2.57,2.57
345,2.57,2.57,2.57,2.57
346,2.57,2.57,2.57,2.57
347,2.57,2.57,2.57,2.57
348,2.57,2.57,2.57,2.57
349,2.57,2.57,2.57,2.57
350,2.57,2.57,2.57,2.57
351,2.57,2.57,2.57,2.57
352,2.57,2.57,2.57,2.57
353,2.57,2.57,2.57,2.57
354,2.57,2.57,2.56,2.57
355,2.57,2.57,2.57,2.57
356,2.57,2.57,2.57,2.57
357,2.57,2.57,2.57,2.57
358,2.57,2.57,2.57,2.57
359,2.57,2.57,2.57,2.57
360,2.57,2.57,2.57,2.57
361,2.57,2.57,2.57,2.57
362,2.57,2.57,2.57,2.57
363,2.56,2.56,2.57,2.56
364,2.57,2.56,2.56,2.56
365,2.57,2.56,2.56,2.56
366,2.56,2.56,2.56,2.56
367,2.56,2.56,2.56,2.56
368,2.56,2.56,2.56,2.56
369,2.56,2.56,2.56,2.56
370,2.56,2.56,2.56,2.56
371,2.56,2.56,2.56,2.56
372,2.56,2.56,2.57,2.56
373,2.56,2.56,2.56,2.56
374,2.56,2.56,2.56,2.56
375,2.56,2.56,2.56,2.56
376,2.56,2.56,2.55,2.56
377,2.56,2.55,2.56,2.56
378,2.56,2.55,2.56,2.56
379,2.56,2.56,2.56,2.56
380,2.56,2.56,2.55,2.56
381,2.56,2.56,2.55,2.55
382,2.56,2.55,2.55,2.56
383,2.55,2.55,2.55,2.55
384,2.55,2.55,2.55,2.55
385,2.55,2.55,2.55,2.55
386,2.55,2.55,2.55,2.55
387,2.55,2.55,2.55,2.55
388,2.55,2.55,2.55,2.55
389,2.55,2.55,2.55,2.55
390,2.55,2.55,2.55,2.54
391,2.55,2.55,2.55,2.55
392,2.55,2.55,2.55,2.55
393,2.56,2.55,2.55,2.56
394,2.56,2.56,2.56,2.55
395,2.56,2.56,2.56,2.56
396,2.56,2.56,2.56,2.56
397,2.56,2.56,2.55,2.55
398,2.56,2.56,2.55,2.55
399,2.55,2.55,2.55,2.55
400,2.55,2.55,2.55,2.55
401,2.55,2.55,2.55,2.55
402,2.55,2.55,2.55,2.55
403,2.55,2.55,2.55,2.55
404,2.54,2.54,2.54,2.54
406,2.54,2.54,2.54,2.54
406,2.54,2.54,2.54,2.54
407,2.54,2.54,2.54,2.54
408,2.54,2.54,2.54,2.54
409,2.54,2.54,2.54,2.54
410,2.54,2.54,2.54,2.54
411,2.54,2.54,2.54,2.54
412,2.54,2.54,2.54,2.54
413,2.54,2.54,2.54,2.54
414,2.54,2.54,2.54,2.54
415,2.54,2.54,2.54,2.54
416,2.54,2.54,2.54,2.54
417,2.54,2.54,2.54,2.54
418,2.54,2.54,2.54,2.54
419,2.54,2.54,2.54,2.53
420,2.54,2.54,2.54,2.54
422,2.54,2.54,2.54,2.54
423,2.53,2.54,2.54,2.53
424,2.54,2.54,2.53,2.54
425,2.53,2.54,2.53,2.53
426,2.53,2.54,2.54,2.54
427,2.54,2.53,2.53,2.53
428,2.53,2.54,2.53,2.53
429,2.54,2.54,2.53,2.53
430,2.53,2.53,2.53,2.53
431,2.53,2.53,2.53,2.53
432,2.53,2.54,2.53,2.53
433,2.53,2.53,2.53,2.53
434,2.53,2.53,2.53,2.53
435,2.53,2.53,2.53,2.53
436,2.53,2.53,2.53,2.53
437,2.53,2.53,2.53,2.52
438,2.53,2.53,2.53,2.53
439,2.52,2.53,2.52,2.52
440,2.70,2.70,2.70,2.70
441,2.77,2.77,2.77,2.77
442,3.01,3.01,3.01,3.01
443,2.94,2.94,2.94,2.94
444,2.90,2.90,2.90,2.90
445,2.85,2.85,2.86,2.85
446,2.82,2.82,2.82,2.82
447,2.63,2.63,2.63,2.63
448,2.52,2.52,2.52,2.52
449,2.44,2.44,2.44,2.44
450,2.07,2.07,2.07,2.06
451,2.06,2.06,2.06,2.06
452,2.07,2.07,2.06,2.07
453,2.39,2.39,2.38,2.38
454,2.36,2.36,2.36,2.36
455,2.36,2.36,2.36,2.36
456,2.36,2.36,2.36,2.36
457,2.36,2.36,2.36,2.36
458,2.36,2.36,2.36,2.36
459,2.36,2.36,2.36,2.36
460,2.36,2.36,2.36,2.36
461,2.38,2.37,2.38,2.37
462,2.38,2.37,2.38,2.38
463,2.37,2.37,2.37,2.37
464,2.36,2.36,2.36,2.36
465,2.36,2.37,2.36,2.36
466,2.37,2.36,2.37,2.36
467,2.37,2.37,2.36,2.36
468,2.37,2.37,2.37,2.36
469,2.36,2.36,2.36,2.36
470,2.36,2.36,2.36,2.36
471,2.36,2.36,2.36,2.36
472,2.36,2.36,2.36,2.36
473,2.36,2.36,2.36,2.36
474,2.36,2.36,2.36,2.36
475,2.37,2.36,2.37,2.36
476,2.36,2.36,2.37,2.36
477,2.37,2.37,2.36,2.36
478,2.37,2.36,2.36,2.36
479,2.37,2.37,2.37,2.36
480,2.37,2.37,2.37,2.37
481,2.37,2.37,2.37,2.37
482,2.37,2.37,2.37,2.37
483,2.38,2.38,2.38,2.38
484,2.39,2.39,2.39,2.39
485,2.39,2.39,2.39,2.39
486,2.39,2.39,2.39,2.38
487,2.38,2.38,2.38,2.38
488,2.38,2.38,2.39,2.38
489,2.37,2.38,2.37,2.37
490,2.37,2.37,2.37,2.37
491,2.37,2.37,2.37,2.37
492,2.37,2.37,2.37,2.37
493,2.37,2.37,2.37,2.37
494,2.37,2.37,2.37,2.37
495,2.37,2.37,2.37,2.37
496,2.37,2.37,2.37,2.37
497,2.37,2.38,2.38,2.37
498,2.37,2.38,2.38,2.37
499,2.37,2.37,2.37,2.37
500,2.37,2.37,2.37,2.37
501,2.37,2.37,2.37,2.37
502,2.37,2.37,2.37,2.37
503,2.38,2.38,2.38,2.37
504,2.38,2.38,2.38,2.38
505,2.37,2.37,2.37,2.37
506,2.37,2.38,2.37,2.37
507,2.38,2.37,2.37,2.37
508,2.37,2.38,2.37,2.37
509,2.37,2.37,2.37,2.37
510,2.38,2.38,2.38,2.38
511,2.38,2.37,2.38,2.38
512,2.38,2.38,2.38,2.37
513,2.38,2.38,2.38,2.38
514,2.38,2.38,2.38,2.38
515,2.38,2.38,2.38,2.38
516,2.38,2.38,2.38,2.38
517,2.38,2.38,2.38,2.38
518,2.38,2.38,2.38,2.38
519,2.38,2.38,2.39,2.38
520,2.38,2.38,2.38,2.38
521,2.38,2.38,2.38,2.38
522,2.38,2.38,2.38,2.38
523,2.38,2.37,2.38,2.37
524,2.38,2.38,2.38,2.38
525,2.38,2.38,2.38,2.38
526,2.39,2.39,2.39,2.38
527,2.39,2.39,2.39,2.38
528,2.39,2.39,2.39,2.39
529,2.39,2.39,2.39,2.39
530,2.38,2.39,2.39,2.39
531,2.39,2.39,2.39,2.39
532,2.39,2.39,2.39,2.39
533,2.39,2.39,2.39,2.39
534,2.39,2.39,2.39,2.39
535,2.39,2.39,2.39,2.39
536,2.38,2.38,2.39,2.38
537,2.38,2.38,2.39,2.38
538,2.39,2.38,2.38,2.38
539,2.38,2.38,2.38,2.38
540,2.38,2.38,2.38,2.38
541,2.38,2.38,2.37,2.38
542,2.37,2.38,2.38,2.37
543,2.38,2.38,2.38,2.38
544,2.38,2.38,2.38,2.38
545,2.38,2.39,2.38,2.38
546,2.38,2.38,2.38,2.38
547,2.38,2.38,2.38,2.38
548,2.38,2.38,2.39,2.38
549,2.37,2.37,2.37,2.37
550,2.37,2.38,2.37,2.37
551,2.37,2.37,2.37,2.37
552,2.37,2.37,2.37,2.37
553,2.37,2.37,2.37,2.37
554,2.37,2.37,2.37,2.37
555,2.37,2.37,2.37,2.37
556,2.37,2.37,2.37,2.37
557,2.37,2.37,2.37,2.37
558,2.37,2.37,2.37,2.37
559,2.37,2.37,2.37,2.37
560,2.37,2.37,2.37,2.37
561,2.37,2.37,2.37,2.37
562,2.48,2.49,2.49,2.48
563,2.46,2.46,2.46,2.46
564,2.48,2.48,2.49,2.48
565,2.49,2.49,2.49,2.48
566,2.34,2.34,2.34,2.34
567,2.49,2.49,2.49,2.49
568,2.46,2.46,2.47,2.46
569,2.36,2.37,2.37,2.36
570,2.33,2.33,2.33,2.33
571,2.30,2.30,2.30,2.30
572,2.31,2.31,2.32,2.31
573,2.32,2.32,2.32,2.32
574,2.46,2.46,2.46,2.46
575,2.47,2.46,2.46,2.46
576,2.46,2.46,2.46,2.45
577,2.46,2.46,2.46,2.46
578,2.52,2.52,2.53,2.52
579,2.51,2.52,2.52,2.51
580,2.52,2.52,2.52,2.52
581,2.52,2.52,2.52,2.52
582,2.53,2.53,2.53,2.52
583,2.53,2.53,2.53,2.53
584,2.34,2.34,2.34,2.34
585,2.46,2.46,2.47,2.46
586,2.51,2.51,2.51,2.51
587,2.53,2.53,2.54,2.53
588,2.53,2.53,2.54,2.53
589,2.54,2.54,2.54,2.54
590,2.50,2.50,2.50,2.51
591,2.50,2.50,2.50,2.50
592,2.50,2.50,2.50,2.50
593,2.50,2.50,2.50,2.49
594,2.50,2.50,2.50,2.49
595,2.28,2.30,2.28,2.22
596,2.54,2.54,2.55,2.54
597,2.54,2.54,2.55,2.54
598,2.55,2.55,2.55,2.54
599,2.54,2.54,2.55,2.54
600,2.54,2.55,2.55,2.54
601,2.54,2.53,2.54,2.53
602,2.54,2.54,2.54,2.54
603,2.59,2.59,2.59,2.59
604,2.54,2.55,2.55,2.54
605,2.54,2.54,2.54,2.54
606,2.54,2.54,2.54,2.54
607,2.54,2.54,2.54,2.54
608,2.54,2.54,2.54,2.54
609,2.59,2.59,2.59,2.59
610,2.57,2.57,2.57,2.57
611,2.57,2.57,2.57,2.57
612,2.57,2.57,2.57,2.57
613,2.57,2.57,2.57,2.57
614,2.57,2.57,2.57,2.58
615,2.57,2.57,2.57,2.57
616,2.57,2.57,2.57,2.57
617,2.57,2.57,2.57,2.57
618,2.58,2.58,2.58,2.58
619,2.58,2.58,2.58,2.58
620,2.58,2.58,2.58,2.58
621,2.58,2.58,2.58,2.58
622,2.58,2.58,2.58,2.58
623,2.57,2.58,2.58,2.58
624,2.58,2.58,2.57,2.57
625,2.57,2.57,2.58,2.57
626,2.57,2.57,2.57,2.56
627,2.60,2.60,2.60,2.59
628,2.58,2.58,2.58,2.58
629,2.60,2.60,2.60,2.60
630,2.58,2.58,2.59,2.58
631,2.60,2.60,2.60,2.59
632,2.57,2.57,2.57,2.57
633,2.58,2.58,2.58,2.58
634,2.58,2.57,2.58,2.58
635,2.59,2.59,2.59,2.59
636,2.59,2.59,2.59,2.59
637,2.58,2.58,2.58,2.58
638,2.59,2.59,2.59,2.59
639,2.59,2.59,2.60,2.59
640,2.59,2.59,2.59,2.59
641,2.58,2.58,2.58,2.57
642,2.57,2.57,2.57,2.57
643,2.57,2.56,2.57,2.56
644,2.55,2.55,2.55,2.54
645,2.58,2.58,2.58,2.58
646,2.58,2.58,2.58,2.58
647,2.59,2.59,2.59,2.59
648,2.61,2.61,2.61,2.61
649,2.60,2.60,2.59,2.59
650,2.59,2.59,2.59,2.59
651,2.59,2.59,2.59,2.59
652,2.60,2.60,2.60,2.60
653,2.59,2.59,2.59,2.59
654,2.59,2.59,2.59,2.59
655,2.59,2.59,2.59,2.59
656,2.56,2.56,2.56,2.55
657,2.54,2.54,2.54,2.54
658,2.55,2.54,2.55,2.54
659,2.55,2.55,2.55,2.55
660,2.55,2.55,2.55,2.55
661,2.54,2.54,2.54,2.54
662,2.54,2.54,2.54,2.54
663,2.56,2.56,2.56,2.56
664,2.57,2.57,2.56,2.57
665,2.57,2.57,2.57,2.57
666,2.55,2.55,2.55,2.55
667,2.59,2.59,2.59,2.59
668,2.59,2.59,2.59,2.59
669,2.58,2.57,2.58,2.57
670,2.58,2.58,2.59,2.58
671,2.59,2.58,2.59,2.58
672,2.59,2.58,2.59,2.58
673,2.59,2.59,2.59,2.59
674,2.58,2.58,2.58,2.58
675,2.57,2.57,2.57,2.57
676,2.59,2.58,2.58,2.58
677,2.58,2.57,2.58,2.58
678,2.57,2.57,2.57,2.57
679,2.59,2.59,2.59,2.59
680,2.60,2.59,2.60,2.60
681,2.56,2.56,2.56,2.56
682,2.57,2.56,2.57,2.56
683,2.57,2.57,2.56,2.56
684,2.57,2.57,2.57,2.57
685,2.57,2.57,2.57,2.57
686,2.57,2.57,2.57,2.57
687,2.57,2.57,2.57,2.57
688,2.57,2.57,2.57,2.57
689,2.57,2.57,2.57,2.57
690,2.57,2.57,2.57,2.57
691,2.57,2.57,2.57,2.57
692,2.57,2.57,2.57,2.56
693,2.57,2.57,2.57,2.57
694,2.57,2.57,2.57,2.57
695,2.57,2.57,2.57,2.57
696,2.57,2.57,2.57,2.57
697,2.57,2.57,2.57,2.56
698,2.57,2.57,2.57,2.57
699,2.57,2.57,2.57,2.57
700,2.57,2.57,2.57,2.57
701,2.57,2.57,2.57,2.57
702,2.57,2.57,2.57,2.57
703,2.57,2.57,2.57,2.57
704,2.57,2.57,2.57,2.57
705,2.57,2.57,2.57,2.57
706,2.57,2.57,2.57,2.57
707,2.57,2.57,2.57,2.57
708,2.57,2.57,2.57,2.57
709,2.57,2.57,2.57,2.57
710,2.57,2.57,2.57,2.57
711,2.57,2.57,2.57,2.57
712,2.57,2.57,2.57,2.57
713,2.57,2.57,2.57,2.56
714,2.57,2.57,2.57,2.57
715,2.57,2.57,2.57,2.57
716,2.57,2.57,2.57,2.57
717,2.57,2.57,2.57,2.57
718,2.57,2.57,2.57,2.57
719,2.57,2.57,2.57,2.57
720,2.57,2.57,2.57,2.57
721,2.57,2.57,2.57,2.57
722,2.57,2.57,2.57,2.57
723,2.57,2.57,2.57,2.57
724,2.57,2.57,2.58,2.57
725,2.57,2.57,2.57,2.57
726,2.57,2.57,2.58,2.57
727,2.57,2.57,2.57,2.57
728,2.57,2.57,2.57,2.57
729,2.57,2.57,2.58,2.57
730,2.57,2.57,2.58,2.57
731,2.57,2.57,2.57,2.57
732,2.57,2.57,2.57,2.57
733,2.57,2.57,2.57,2.57
734,2.57,2.57,2.57,2.57
735,2.57,2.57,2.57,2.57
736,2.57,2.57,2.57,2.57
737,2.57,2.57,2.57,2.57
738,2.57,2.57,2.57,2.57
739,2.57,2.57,2.58,2.57
740,2.58,2.57,2.57,2.57
741,2.58,2.57,2.58,2.57
742,2.57,2.57,2.57,2.57
743,2.57,2.57,2.58,2.57
744,2.57,2.57,2.57,2.57
745,2.57,2.57,2.57,2.57
746,2.57,2.57,2.57,2.57
747,2.57,2.57,2.57,2.57
748,2.57,2.57,2.57,2.57
749,2.57,2.57,2.57,2.57
750,2.57,2.57,2.57,2.57
751,2.57,2.57,2.57,2.57
752,2.57,2.57,2.57,2.57
753,2.57,2.57,2.57,2.57
754,2.57,2.57,2.56,2.57
755,2.57,2.57,2.57,2.57
756,2.57,2.57,2.57,2.57
757,2.57,2.57,2.57,2.57
758,2.57,2.57,2.57,2.57
759,2.57,2.57,2.57,2.57
760,2.57,2.57,2.57,2.57
761,2.57,2.57,2.57,2.57
762,2.57,2.57,2.57,2.57
763,2.57,2.57,2.57,2.57
764,2.57,2.57,2.57,2.57
765,2.57,2.57,2.57,2.57
766,2.57,2.57,2.57,2.57
767,2.57,2.57,2.57,2.57
768,2.57,2.57,2.57,2.57
769,2.57,2.57,2.57,2.57
770,2.57,2.57,2.57,2.57
771,2.57,2.57,2.57,2.57
772,2.57,2.57,2.57,2.57
773,2.57,2.57,2.57,2.57
774,2.57,2.57,2.57,2.57
775,2.57,2.57,2.57,2.57
776,2.57,2.57,2.57,2.57
777,2.57,2.57,2.57,2.57
778,2.57,2.57,2.57,2.57
779,2.57,2.57,2.57,2.57
780,2.57,2.57,2.57,2.57
781,2.57,2.57,2.57,2.57
782,2.57,2.57,2.57,2.57
783,2.57,2.57,2.57,2.57
784,2.57,2.57,2.57,2.57
785,2.57,2.57,2.57,2.57
786,2.57,2.57,2.57,2.57
787,2.57,2.57,2.57,2.57
788,2.57,2.57,2.57,2.57
789,2.57,2.57,2.57,2.57
790,2.57,2.57,2.57,2.57
791,2.57,2.57,2.57,2.57
792,2.57,2.57,2.57,2.57
793,2.57,2.57,2.57,2.57
794,2.57,2.57,2.57,2.57
795,2.57,2.57,2.57,2.57
796,2.57,2.57,2.57,2.57
797,2.57,2.57,2.57,2.57
798,2.57,2.57,2.57,2.57
799,2.57,2.57,2.57,2.57
800,2.57,2.57,2.57,2.57
801,2.57,2.57,2.57,2.57
802,2.57,2.57,2.57,2.57
803,2.57,2.57,2.57,2.57
804,2.57,2.57,2.57,2.57
805,2.57,2.57,2.57,2.57
806,2.57,2.57,2.57,2.57
807,2.57,2.57,2.57,2.57
808,2.57,2.57,2.57,2.57
809,2.57,2.57,2.58,2.57
810,2.58,2.57,2.58,2.57
811,2.58,2.58,2.58,2.57
812,2.57,2.58,2.58,2.58
813,2.58,2.58,2.58,2.57
814,2.57,2.58,2.58,2.57
815,2.58,2.58,2.58,2.58
816,2.58,2.58,2.58,2.58
817,2.58,2.58,2.56,2.58
818,2.58,2.58,2.58,2.57
819,2.58,2.58,2.58,2.58
820,2.57,2.58,2.58,2.58
821,2.58,2.58,2.58,2.58
822,2.58,2.58,2.58,2.58
823,2.58,2.58,2.58,2.58
824,2.58,2.58,2.58,2.57
825,2.58,2.58,2.58,2.57
826,2.58,2.58,2.58,2.58
827,2.58,2.58,2.58,2.58
828,2.58,2.58,2.58,2.58
829,2.58,2.58,2.58,2.58
830,2.58,2.58,2.58,2.57
831,2.58,2.58,2.58,2.58
832,2.57,2.58,2.58,2.58
833,2.58,2.58,2.58,2.58
834,2.57,2.58,2.58,2.58
835,2.58,2.58,2.58,2.58
836,2.58,2.58,2.58,2.58
837,2.57,2.58,2.58,2.58
838,2.57,2.57,2.58,2.57
839,2.58,2.58,2.58,2.58
840,2.58,2.57,2.58,2.57
841,2.58,2.58,2.58,2.57
842,2.57,2.58,2.57,2.57
843,2.58,2.57,2.57,2.57
844,2.57,2.58,2.58,2.57
845,2.58,2.57,2.58,2.57
846,2.57,2.58,2.58,2.57
847,2.58,2.57,2.57,2.57
848,2.57,2.57,2.58,2.57
849,2.57,2.58,2.58,2.57
850,2.58,2.58,2.58,2.57
851,2.58,2.57,2.57,2.57
852,2.57,2.57,2.57,2.57
853,2.57,2.57,2.58,2.57
854,2.58,2.57,2.58,2.57
855,2.57,2.57,2.57,2.57
856,2.57,2.58,2.58,2.57
857,2.52,2.51,2.52,2.51
858,2.52,2.52,2.53,2.52
859,2.51,2.51,2.51,2.51
860,2.53,2.52,2.52,2.52
861,2.52,2.52,2.52,2.52
862,2.55,2.55,2.55,2.55
863,2.53,2.53,2.53,2.53
864,2.55,2.55,2.55,2.54
865,2.51,2.51,2.51,2.51
866,2.51,2.51,2.52,2.51
867,2.52,2.52,2.52,2.52
868,2.52,2.52,2.52,2.52
869,2.52,2.52,2.52,2.52
870,2.51,2.51,2.51,2.50
871,2.50,2.50,2.50,2.50
872,2.50,2.50,2.51,2.50
873,2.51,2.51,2.52,2.51
874,2.52,2.51,2.52,2.51
875,2.53,2.53,2.53,2.53
876,2.51,2.51,2.51,2.51
877,2.55,2.55,2.55,2.55
878,2.52,2.53,2.52,2.52
879,2.57,2.57,2.57,2.57
880,2.58,2.58,2.58,2.57
881,2.55,2.55,2.55,2.55
882,2.53,2.52,2.53,2.52
883,2.53,2.53,2.53,2.53
884,2.51,2.52,2.52,2.52
885,2.54,2.54,2.54,2.54
886,2.53,2.54,2.54,2.54
887,2.53,2.53,2.53,2.53
888,2.51,2.50,2.50,2.50
889,2.51,2.51,2.51,2.51
890,2.50,2.50,2.50,2.50
891,2.53,2.53,2.53,2.53
892,2.54,2.54,2.54,2.54
893,2.53,2.53,2.53,2.53
894,2.52,2.51,2.52,2.51
895,2.44,2.44,2.44,2.44
896,2.47,2.47,2.47,2.47
897,2.46,2.46,2.46,2.46
898,2.47,2.47,2.47,2.47
899,2.47,2.48,2.48,2.48
900,2.47,2.47,2.47,2.46
901,2.45,2.45,2.45,2.45
902,2.48,2.48,2.48,2.48
903,2.47,2.46,2.47,2.46
904,2.45,2.45,2.44,2.44
905,2.43,2.43,2.43,2.43
906,2.41,2.41,2.41,2.41
907,2.41,2.41,2.41,2.41
908,2.42,2.42,2.42,2.42
909,2.43,2.43,2.43,2.43
910,2.42,2.42,2.42,2.42
911,2.42,2.42,2.42,2.42
912,2.43,2.43,2.41,2.42
913,2.43,2.43,2.43,2.43
914,2.43,2.43,2.43,2.43
915,2.43,2.43,2.43,2.43
916,2.43,2.42,2.43,2.42
917,2.43,2.43,2.43,2.43
918,2.43,2.43,2.43,2.43
919,2.43,2.43,2.42,2.43
920,2.42,2.43,2.43,2.42
921,2.42,2.42,2.42,2.42
922,2.43,2.43,2.43,2.42
923,2.43,2.44,2.43,2.43
924,2.43,2.43,2.43,2.43
925,2.43,2.43,2.43,2.42
926,2.43,2.42,2.43,2.42
927,2.43,2.42,2.42,2.42
928,2.42,2.43,2.42,2.42
929,2.43,2.43,2.43,2.43
930,2.42,2.43,2.43,2.42
931,2.42,2.42,2.42,2.42
932,2.42,2.42,2.42,2.42
933,2.42,2.42,2.42,2.42
934,2.42,2.42,2.42,2.42
935,2.42,2.42,2.42,2.42
936,2.42,2.41,2.42,2.42
937,2.42,2.42,2.42,2.42
938,2.42,2.42,2.42,2.42
939,2.42,2.42,2.43,2.42
940,2.42,2.42,2.42,2.42
941,2.42,2.42,2.42,2.42
942,2.42,2.42,2.42,2.42
943,2.42,2.42,2.42,2.42
944,2.42,2.42,2.42,2.42
945,2.42,2.42,2.42,2.42
946,2.40,2.39,2.40,2.40
947,2.44,2.44,2.44,2.44
948,2.43,2.43,2.44,2.44
949,2.42,2.42,2.42,2.42
950,2.44,2.44,2.44,2.44
951,2.44,2.44,2.44,2.44
952,2.58,2.58,2.58,2.58
953,2.57,2.57,2.57,2.57
954,2.59,2.59,2.59,2.59
955,2.59,2.59,2.59,2.59
956,2.59,2.59,2.59,2.59
957,2.59,2.59,2.59,2.59
958,2.59,2.58,2.59,2.59
959,2.58,2.59,2.59,2.58
960,2.58,2.58,2.59,2.59
961,2.59,2.59,2.59,2.58
962,2.59,2.58,2.59,2.58
963,2.59,2.59,2.59,2.59
964,2.59,2.59,2.59,2.59
965,2.59,2.59,2.59,2.58
966,2.59,2.59,2.59,2.59
967,2.59,2.59,2.59,2.59
968,2.59,2.59,2.59,2.59
969,2.58,2.59,2.59,2.58
970,2.59,2.59,2.59,2.59
971,2.59,2.59,2.59,2.59
972,2.59,2.59,2.59,2.59
973,2.60,2.60,2.60,2.59
974,2.60,2.60,2.61,2.60
975,2.60,2.60,2.60,2.60
976,2.60,2.60,2.60,2.60
977,2.60,2.60,2.60,2.60
978,2.60,2.60,2.60,2.60
979,2.60,2.60,2.60,2.60
980,2.60,2.60,2.60,2.60
981,2.60,2.60,2.60,2.60
982,2.60,2.60,2.60,2.60
983,2.60,2.60,2.60,2.60
984,2.60,2.60,2.60,2.60
985,2.60,2.60,2.60,2.60
986,2.60,2.60,2.60,2.60
987,2.60,2.60,2.60,2.60
988,2.60,2.60,2.60,2.60
989,2.60,2.60,2.60,2.60
990,2.60,2.59,2.60,2.59
991,2.54,2.54,2.54,2.54
992,2.57,2.57,2.57,2.57
993,2.58,2.58,2.58,2.58
994,2.58,2.58,2.58,2.58
995,2.58,2.58,2.59,2.58
996,2.59,2.59,2.59,2.59
997,2.59,2.59,2.59,2.59
998,2.59,2.59,2.59,2.59
999,2.59,2.59,2.59,2.58
1000,2.59,2.59,2.59,2.59
1001,2.59,2.59,2.59,2.59
1002,2.59,2.59,2.59,2.59
1003,2.59,2.59,2.59,2.59
1004,2.59,2.59,2.59,2.59
1005,2.59,2.59,2.59,2.59
1006,2.59,2.59,2.59,2.59
1007,2.59,2.59,2.59,2.59
1008,2.60,2.59,2.59,2.59
1009,2.59,2.60,2.60,2.59
1010,2.59,2.59,2.59,2.59
1011,2.59,2.59,2.60,2.60
1012,2.60,2.59,2.60,2.59
1013,2.59,2.59,2.59,2.59
1014,2.59,2.59,2.60,2.59
1015,2.60,2.60,2.60,2.60
1016,2.61,2.61,2.61,2.61
1017,2.61,2.61,2.61,2.61
1018,2.59,2.59,2.59,2.59
1019,2.54,2.54,2.54,2.53
1020,2.51,2.53,2.53,2.53
1021,2.58,2.58,2.58,2.58
1022,2.58,2.58,2.58,2.58
1023,2.54,2.54,2.54,2.54
1024,2.55,2.55,2.55,2.55
1025,2.50,2.50,2.50,2.49
1026,2.54,2.53,2.54,2.54
1027,2.56,2.56,2.56,2.56
1028,2.57,2.57,2.57,2.57
1029,2.57,2.58,2.57,2.58
1030,2.58,2.58,2.58,2.58
1031,2.57,2.57,2.58,2.57
1032,2.55,2.55,2.55,2.55
1033,2.56,2.55,2.55,2.55
1034,2.54,2.54,2.54,2.54
1035,2.54,2.54,2.54,2.55
1036,2.46,2.45,2.46,2.45
1037,2.50,2.50,2.50,2.50
1038,2.56,2.56,2.56,2.55
1039,2.55,2.55,2.55,2.55
1040,2.58,2.57,2.58,2.58
1041,2.57,2.57,2.58,2.57
1042,2.54,2.54,2.54,2.54
1043,2.55,2.55,2.54,2.54
1044,2.57,2.57,2.57,2.57
1045,2.58,2.58,2.58,2.58
1046,2.58,2.58,2.58,2.58
1047,2.60,2.60,2.61,2.61
1048,2.60,2.60,2.61,2.61
1049,2.60,2.60,2.60,2.60
1050,2.59,2.59,2.59,2.59
1051,2.59,2.59,2.59,2.58
1052,2.59,2.59,2.59,2.58
1053,2.60,2.61,2.61,2.60
1054,2.64,2.63,2.64,2.63
1055,2.62,2.62,2.62,2.62
1056,2.63,2.63,2.63,2.63
1057,2.61,2.61,2.61,2.61
1058,2.62,2.62,2.62,2.62
1060,2.62,2.63,2.63,2.62
1061,2.62,2.62,2.63,2.62
1062,2.62,2.62,2.63,2.62
1063,2.62,2.62,2.62,2.62
1064,2.62,2.62,2.63,2.62
1065,2.63,2.63,2.63,2.63
1066,2.64,2.64,2.64,2.64
1067,2.63,2.63,2.63,2.63
1068,2.62,2.62,2.62,2.62
1069,2.62,2.62,2.63,2.62
1070,2.62,2.62,2.63,2.62
1071,2.64,2.64,2.64,2.64
1072,2.65,2.64,2.64,2.64
1073,2.64,2.64,2.65,2.64
1074,2.65,2.64,2.65,2.64
1075,2.65,2.64,2.65,2.65
1076,2.65,2.64,2.65,2.64
1077,2.65,2.65,2.65,2.65
1078,2.64,2.65,2.65,2.64
1079,2.65,2.64,2.65,2.64
1080,2.65,2.64,2.64,2.64
1081,2.65,2.65,2.65,2.65
1082,2.64,2.64,2.65,2.65
1083,2.64,2.65,2.64,2.65
1084,2.64,2.64,2.65,2.64
1085,2.65,2.65,2.64,2.65
1086,2.65,2.65,2.65,2.65
1087,2.65,2.64,2.64,2.64
1088,2.65,2.64,2.64,2.64
1089,2.65,2.64,2.65,2.64
1090,2.64,2.65,2.65,2.64
1091,2.66,2.64,2.65,2.64
1092,2.65,2.65,2.65,2.64
1093,2.65,2.65,2.65,2.64
1094,2.65,2.65,2.65,2.65
1095,2.65,2.65,2.65,2.64
1096,2.65,2.64,2.65,2.64
1097,2.64,2.64,2.64,2.64
1098,2.64,2.65,2.65,2.64
1099,2.64,2.64,2.65,2.64
1100,2.65,2.65,2.65,2.65
1101,2.64,2.65,2.65,2.64
1102,2.64,2.64,2.65,2.65
1103,2.65,2.64,2.64,2.65
1104,2.65,2.66,2.65,2.65
1105,2.65,2.64,2.65,2.65
1106,2.65,2.65,2.64,2.65
1107,2.65,2.65,2.65,2.64
1108,2.65,2.65,2.65,2.64
1109,2.64,2.64,2.65,2.64
1110,2.64,2.65,2.65,2.64
1111,2.64,2.65,2.65,2.64
1112,2.65,2.65,2.65,2.64
1113,2.65,2.65,2.65,2.65
1114,2.64,2.65,2.65,2.64
1115,2.64,2.64,2.64,2.64
1116,2.65,2.65,2.65,2.64
1117,2.64,2.65,2.65,2.64
1118,2.64,2.65,2.65,2.64
1119,2.65,2.64,2.65,2.65
1120,2.64,2.64,2.65,2.64
1121,2.65,2.64,2.65,2.64
1122,2.65,2.65,2.65,2.64
1123,2.65,2.64,2.65,2.65
1124,2.65,2.65,2.65,2.64
1125,2.65,2.65,2.65,2.64
1126,2.64,2.65,2.65,2.64
1127,2.64,2.65,2.65,2.64
1128,2.64,2.65,2.65,2.64
1129,2.65,2.65,2.65,2.64
1130,2.65,2.64,2.64,2.64
1131,2.64,2.65,2.65,2.64
1132,2.65,2.65,2.65,2.65
1133,2.65,2.64,2.64,2.64
1134,2.64,2.65,2.65,2.64
1135,2.65,2.64,2.64,2.64
1136,2.65,2.64,2.64,2.64
1137,2.64,2.64,2.65,2.64
1138,2.65,2.65,2.65,2.65
1139,2.65,2.64,2.65,2.65
1140,2.64,2.64,2.64,2.64
1141,2.64,2.64,2.65,2.65
1142,2.64,2.64,2.64,2.64
1143,2.64,2.64,2.65,2.64
1144,2.65,2.65,2.65,2.64
1145,2.65,2.65,2.64,2.65
1146,2.64,2.65,2.65,2.64
1147,2.65,2.64,2.65,2.64
1148,2.65,2.64,2.65,2.64
1149,2.64,2.64,2.64,2.64
1150,2.65,2.64,2.65,2.64
1151,2.64,2.64,2.64,2.64
1152,2.64,2.64,2.64,2.64
1153,2.64,2.64,2.65,2.64
1154,2.64,2.64,2.65,2.64
1155,2.64,2.65,2.64,2.64
1156,2.64,2.65,2.65,2.64
1157,2.65,2.64,2.64,2.64
1158,2.64,2.64,2.64,2.65
1159,2.65,2.65,2.64,2.64
1160,2.65,2.64,2.65,2.64
1161,2.64,2.64,2.65,2.64
1162,2.64,2.63,2.65,2.64
1163,2.65,2.65,2.65,2.64
1164,2.65,2.64,2.65,2.64
1165,2.65,2.65,2.65,2.64
1166,2.65,2.65,2.65,2.64
1167,2.64,2.65,2.65,2.65
1168,2.64,2.64,2.64,2.63
1169,2.64,2.65,2.64,2.65
1170,2.64,2.65,2.65,2.64
1171,2.64,2.65,2.65,2.65
1172,2.65,2.64,2.65,2.64
1173,2.65,2.65,2.65,2.65
1174,2.65,2.65,2.65,2.64
1175,2.65,2.65,2.65,2.65
1176,2.64,2.64,2.65,2.65
1177,2.64,2.65,2.65,2.64
1178,2.64,2.65,2.65,2.65
1179,2.65,2.64,2.65,2.64
1180,2.65,2.65,2.65,2.64
1181,2.64,2.64,2.65,2.65
1182,2.64,2.65,2.65,2.65
1183,2.64,2.65,2.65,2.65
1184,2.65,2.65,2.65,2.64
1185,2.65,2.65,2.65,2.65
1186,2.65,2.64,2.65,2.65
1187,2.64,2.65,2.65,2.64
1188,2.64,2.64,2.65,2.65
1189,2.65,2.65,2.65,2.64
1190,2.65,2.65,2.65,2.65
1191,2.65,2.64,2.65,2.65
1192,2.65,2.65,2.65,2.65
1193,2.65,2.65,2.65,2.65
1194,2.65,2.64,2.65,2.66
1195,2.65,2.65,2.65,2.65
1196,2.64,2.65,2.65,2.65
1197,2.65,2.64,2.65,2.65
1198,2.65,2.65,2.65,2.65
1199,2.65,2.65,2.65,2.65
1200,2.65,2.65,2.65,2.64
1201,2.64,2.65,2.65,2.65
1202,2.65,2.65,2.65,2.65
1203,2.65,2.64,2.65,2.65
1204,2.65,2.65,2.65,2.65
1205,2.65,2.64,2.65,2.64
1206,2.64,2.64,2.65,2.64
1207,2.64,2.65,2.65,2.65
1208,2.65,2.65,2.65,2.65
1209,2.65,2.65,2.65,2.64
1210,2.65,2.65,2.65,2.64
1211,2.65,2.65,2.65,2.64
1212,2.65,2.64,2.65,2.65
1213,2.65,2.65,2.65,2.65
1214,2.64,2.65,2.65,2.64
1215,2.65,2.64,2.65,2.65
1216,2.65,2.65,2.65,2.65
1217,2.65,2.65,2.65,2.65
1218,2.65,2.65,2.65,2.65
1219,2.65,2.65,2.65,2.64
1220,2.65,2.65,2.65,2.65
1221,2.65,2.64,2.65,2.64
1222,2.65,2.65,2.65,2.65
1223,2.65,2.65,2.65,2.64
1224,2.65,2.64,2.64,2.64
1225,2.65,2.65,2.64,2.65
1226,2.65,2.64,2.65,2.64
1227,2.65,2.65,2.65,2.65
1228,2.65,2.65,2.65,2.64
1229,2.64,2.65,2.65,2.64
1230,2.65,2.65,2.64,2.65
1231,2.65,2.65,2.65,2.64
1232,2.65,2.65,2.65,2.65
1233,2.65,2.64,2.65,2.64
1234,2.65,2.65,2.65,2.64
1235,2.65,2.65,2.65,2.64
1236,2.65,2.64,2.65,2.65
1237,2.64,2.65,2.65,2.64
1238,2.65,2.64,2.64,2.64
1239,2.64,2.65,2.65,2.64
1240,2.64,2.65,2.65,2.65
1241,2.65,2.64,2.65,2.64
1242,2.65,2.64,2.65,2.64
1243,2.64,2.65,2.65,2.64
1244,2.65,2.65,2.65,2.65
1245,2.65,2.64,2.65,2.64
1246,2.64,2.65,2.65,2.64
1247,2.65,2.65,2.65,2.64
1248,2.65,2.65,2.65,2.64
1249,2.65,2.65,2.64,2.64
1250,2.64,2.64,2.65,2.65
1251,2.65,2.64,2.65,2.64
1252,2.64,2.65,2.65,2.65
1253,2.64,2.64,2.65,2.64
1254,2.65,2.64,2.65,2.64
1255,2.65,2.64,2.65,2.65
1256,2.64,2.64,2.65,2.64
1257,2.64,2.65,2.65,2.65
1258,2.65,2.64,2.64,2.64
1259,2.64,2.65,2.65,2.64
1260,2.64,2.65,2.65,2.64
1261,2.65,2.65,2.65,2.65
1262,2.64,2.64,2.64,2.65
1263,2.64,2.64,2.64,2.64
1264,2.64,2.64,2.64,2.64
1265,2.65,2.64,2.65,2.65
1266,2.65,2.65,2.65,2.64
1267,2.64,2.65,2.65,2.64
1268,2.65,2.65,2.65,2.64
1269,2.65,2.65,2.65,2.64
1270,2.65,2.64,2.65,2.65
1271,2.65,2.65,2.65,2.64
1272,2.64,2.64,2.65,2.64
1273,2.64,2.65,2.65,2.64
1274,2.65,2.64,2.64,2.64
1275,2.65,2.64,2.64,2.64
1276,2.65,2.64,2.64,2.64
1277,2.64,2.64,2.65,2.64
1278,2.64,2.64,2.65,2.64
1279,2.65,2.65,2.64,2.64
1280,2.64,2.64,2.65,2.64
1281,2.64,2.64,2.64,2.64
1282,2.64,2.64,2.65,2.64
1283,2.64,2.64,2.64,2.64
1284,2.65,2.64,2.65,2.64
1285,2.64,2.65,2.64,2.65
1286,2.65,2.64,2.65,2.64
1287,2.64,2.64,2.65,2.64
1288,2.64,2.64,2.64,2.64
1289,2.64,2.65,2.63,2.64
1290,2.64,2.64,2.64,2.64
1291,2.64,2.64,2.64,2.64
1292,2.64,2.64,2.65,2.64
1293,2.64,2.64,2.64,2.64
1294,2.64,2.64,2.64,2.64
1295,2.64,2.64,2.64,2.64
1296,2.64,2.64,2.64,2.64
1297,2.64,2.64,2.65,2.64
1298,2.64,2.64,2.65,2.64
1299,2.64,2.64,2.64,2.64
1300,2.64,2.64,2.65,2.64
1301,2.64,2.64,2.64,2.64
1302,2.64,2.65,2.64,2.64
1303,2.64,2.64,2.64,2.64
1304,2.64,2.64,2.64,2.64
1305,2.65,2.64,2.64,2.64
1306,2.64,2.64,2.64,2.64
1307,2.64,2.64,2.65,2.64
1308,2.64,2.65,2.65,2.64
1309,2.64,2.64,2.65,2.64
1310,2.64,2.64,2.64,2.64
1311,2.64,2.64,2.64,2.64
1312,2.64,2.64,2.65,2.64
1313,2.64,2.64,2.64,2.64
1314,2.64,2.64,2.64,2.64
1315,2.64,2.64,2.64,2.64
1316,2.64,2.64,2.65,2.64
1317,2.64,2.64,2.64,2.64
1318,2.65,2.64,2.64,2.64
1319,2.64,2.64,2.64,2.64
1320,2.64,2.64,2.64,2.64
1321,2.64,2.64,2.64,2.64
1322,2.64,2.64,2.65,2.64
1323,2.64,2.64,2.64,2.64
1324,2.64,2.64,2.64,2.64
1325,2.64,2.64,2.64,2.64
1326,2.64,2.64,2.64,2.64
1327,2.64,2.64,2.65,2.64
1328,2.64,2.64,2.64,2.64
1329,2.64,2.63,2.64,2.64
1330,2.64,2.64,2.64,2.64
1331,2.64,2.64,2.64,2.64
1332,2.64,2.64,2.64,2.64
1333,2.64,2.64,2.64,2.64
1334,2.64,2.64,2.64,2.64
1335,2.64,2.64,2.65,2.64
1336,2.64,2.64,2.65,2.64
1337,2.64,2.64,2.64,2.64
1338,2.64,2.64,2.65,2.64
1339,2.64,2.64,2.64,2.64
1340,2.64,2.65,2.64,2.65
1341,2.64,2.64,2.64,2.64
1342,2.64,2.64,2.64,2.64
1343,2.64,2.64,2.65,2.64
1344,2.64,2.64,2.64,2.64
1345,2.64,2.64,2.64,2.64
1346,2.64,2.64,2.65,2.64
1347,2.64,2.64,2.65,2.64
1348,2.64,2.64,2.64,2.64
1349,2.64,2.64,2.64,2.64
1350,2.64,2.64,2.64,2.64
1351,2.64,2.64,2.64,2.64
1352,2.64,2.64,2.64,2.64
1353,2.64,2.64,2.64,2.64
1354,2.64,2.64,2.64,2.64
1355,2.64,2.64,2.64,2.64
1356,2.65,2.65,2.65,2.64
1357,2.65,2.64,2.65,2.64
1358,2.65,2.65,2.65,2.65
1359,2.65,2.64,2.64,2.64
1360,2.65,2.64,2.65,2.64
1361,2.65,2.65,2.64,2.64
1362,2.65,2.65,2.65,2.64
1363,2.65,2.65,2.65,2.65
1364,2.65,2.65,2.65,2.65
1365,2.65,2.65,2.65,2.64
1366,2.65,2.65,2.65,2.65
1367,2.63,2.63,2.63,2.62
1368,2.63,2.63,2.63,2.63
1369,2.64,2.64,2.64,2.64
1370,2.64,2.64,2.64,2.64
1371,2.64,2.64,2.64,2.64
1372,2.64,2.64,2.64,2.64
1373,2.64,2.64,2.64,2.64
1374,2.64,2.64,2.64,2.64
1375,2.64,2.64,2.64,2.64
1376,2.64,2.64,2.64,2.64
1377,2.64,2.64,2.64,2.64
1378,2.64,2.64,2.64,2.64
1379,2.64,2.64,2.64,2.64
1380,2.64,2.64,2.64,2.64
1381,2.64,2.64,2.64,2.64
1382,2.64,2.64,2.64,2.64
1383,2.64,2.64,2.64,2.64
1384,2.64,2.64,2.64,2.64
1385,2.64,2.64,2.64,2.64
1386,2.64,2.64,2.64,2.64
1387,2.64,2.64,2.64,2.64
1388,2.64,2.64,2.64,2.64
1389,2.64,2.64,2.64,2.64
1390,2.64,2.64,2.64,2.64
1391,2.64,2.64,2.64,2.64
1392,2.64,2.64,2.64,2.64
1393,2.64,2.64,2.64,2.63
1394,2.64,2.64,2.64,2.64
1395,2.64,2.64,2.64,2.64
1396,2.64,2.64,2.64,2.64
1397,2.64,2.64,2.64,2.64
1398,2.64,2.64,2.64,2.64
1399,2.64,2.64,2.64,2.64
1400,2.64,2.64,2.64,2.64
1401,2.64,2.64,2.64,2.64
1402,2.64,2.64,2.64,2.64
1403,2.64,2.64,2.64,2.64
1404,2.64,2.64,2.64,2.64
1405,2.64,2.64,2.64,2.64
1406,2.64,2.64,2.64,2.64
1407,2.64,2.64,2.64,2.64
1408,2.64,2.64,2.64,2.64
1409,2.64,2.64,2.64,2.64
1410,2.64,2.64,2.64,2.64
1411,2.64,2.64,2.64,2.64
1412,2.64,2.64,2.64,2.64
1413,2.64,2.64,2.64,2.64
1414,2.64,2.64,2.64,2.64
1415,2.65,2.64,2.64,2.64
1416,2.64,2.64,2.64,2.64
1417,2.64,2.64,2.64,2.64
1418,2.64,2.64,2.64,2.64
1419,2.64,2.64,2.64,2.64
1420,2.64,2.64,2.64,2.64
1421,2.64,2.64,2.64,2.64
1422,2.64,2.64,2.65,2.64
1423,2.64,2.63,2.64,2.64
1424,2.64,2.64,2.65,2.64
1425,2.65,2.64,2.64,2.64
1426,2.64,2.64,2.64,2.64
1427,2.64,2.64,2.64,2.64
1428,2.64,2.64,2.64,2.64
1429,2.64,2.64,2.64,2.64
1430,2.64,2.64,2.64,2.64
1431,2.64,2.64,2.65,2.64
1432,2.64,2.64,2.64,2.64
1433,2.64,2.64,2.65,2.64
1434,2.64,2.64,2.64,2.64
1435,2.64,2.64,2.65,2.64
1436,2.64,2.64,2.64,2.64
1437,2.65,2.64,2.64,2.64
1438,2.65,2.64,2.64,2.64
1439,2.64,2.64,2.64,2.64
1440,2.64,2.64,2.64,2.64
1441,2.64,2.65,2.65,2.64
1442,2.65,2.64,2.65,2.64
1443,2.64,2.64,2.64,2.64
1444,2.64,2.64,2.64,2.64
1445,2.64,2.64,2.64,2.64
1446,2.64,2.64,2.63,2.64
1447,2.64,2.64,2.64,2.64
1448,2.64,2.64,2.64,2.64
1449,2.64,2.64,2.64,2.64
1450,2.64,2.64,2.64,2.64
1451,2.64,2.64,2.64,2.64
1452,2.64,2.64,2.64,2.64
1453,2.64,2.64,2.64,2.64
1454,2.64,2.64,2.64,2.64
1455,2.64,2.64,2.64,2.64
1456,2.64,2.64,2.64,2.64
1457,2.64,2.64,2.64,2.64
1458,2.64,2.64,2.64,2.64
1459,2.64,2.64,2.64,2.64
1460,2.64,2.64,2.64,2.64
1461,2.64,2.64,2.64,2.64
1462,2.64,2.64,2.64,2.64
1463,2.64,2.64,2.64,2.64
1464,2.64,2.64,2.64,2.64
1465,2.64,2.64,2.64,2.64
1466,2.64,2.64,2.64,2.64
1467,2.64,2.64,2.64,2.64
1468,2.64,2.64,2.64,2.64
1469,2.64,2.64,2.64,2.64
1470,2.64,2.64,2.64,2.64
1471,2.64,2.64,2.64,2.64
1472,2.64,2.64,2.64,2.64
1473,2.64,2.64,2.64,2.64
1474,2.64,2.64,2.64,2.64
1475,2.64,2.64,2.64,2.64
1476,2.64,2.64,2.64,2.64
1477,2.64,2.64,2.64,2.64
1478,2.64,2.64,2.64,2.64
1479,2.64,2.64,2.64,2.64
1480,2.64,2.64,2.64,2.64
1481,2.64,2.64,2.64,2.64
1482,2.64,2.64,2.64,2.64
1483,2.64,2.64,2.64,2.64
1484,2.64,2.64,2.64,2.64
1485,2.64,2.64,2.64,2.64
1486,2.64,2.63,2.64,2.64
1487,2.64,2.64,2.64,2.64
1488,2.64,2.64,2.64,2.64
1489,2.64,2.64,2.64,2.64
1490,2.64,2.64,2.64,2.64
1491,2.64,2.64,2.64,2.64
1492,2.64,2.64,2.64,2.64
1493,2.64,2.64,2.64,2.64
1494,2.64,2.64,2.64,2.64
1495,2.64,2.64,2.64,2.64
1496,2.64,2.64,2.64,2.64
1497,2.64,2.64,2.64,2.64
1498,2.64,2.64,2.64,2.64
1499,2.64,2.64,2.64,2.64
1500,2.64,2.64,2.64,2.64
1501,2.64,2.64,2.64,2.64
1502,2.64,2.64,2.64,2.64
1503,2.64,2.64,2.64,2.64
1504,2.64,2.64,2.65,2.64
1505,2.64,2.64,2.65,2.64
1506,2.64,2.64,2.64,2.64
1507,2.64,2.65,2.64,2.65
1508,2.64,2.64,2.65,2.64
1509,2.64,2.65,2.64,2.64
1510,2.64,2.64,2.65,2.64
1511,2.64,2.64,2.64,2.64
1512,2.64,2.64,2.64,2.64
1513,2.64,2.64,2.65,2.64
1514,2.65,2.64,2.64,2.64
1515,2.64,2.64,2.65,2.64
1516,2.64,2.64,2.64,2.64
1517,2.64,2.64,2.64,2.64
1518,2.64,2.64,2.64,2.64
1519,2.64,2.64,2.64,2.64
1520,2.64,2.64,2.64,2.64
1521,2.64,2.64,2.64,2.64
1522,2.64,2.64,2.65,2.64
1523,2.64,2.64,2.65,2.64
1524,2.64,2.64,2.64,2.64
1525,2.64,2.64,2.64,2.64
1526,2.64,2.64,2.64,2.64
1527,2.64,2.64,2.64,2.64
1528,2.63,2.63,2.64,2.63
1529,2.64,2.64,2.64,2.64
1530,2.64,2.64,2.64,2.64
1531,2.64,2.64,2.64,2.64
1532,2.64,2.64,2.64,2.64
1533,2.64,2.64,2.64,2.64
1534,2.64,2.64,2.64,2.64
1535,2.64,2.64,2.64,2.64
1536,2.64,2.64,2.64,2.64
1537,2.64,2.64,2.64,2.64
1538,2.64,2.64,2.64,2.64
1539,2.64,2.64,2.64,2.64
1540,2.64,2.64,2.64,2.64
1541,2.64,2.64,2.64,2.64
1542,2.64,2.64,2.64,2.64
1543,2.64,2.64,2.64,2.64
1544,2.64,2.64,2.64,2.64
1545,2.64,2.64,2.64,2.64
1546,2.64,2.64,2.64,2.64
1547,2.64,2.64,2.64,2.64
1548,2.64,2.64,2.64,2.64
1549,2.64,2.64,2.64,2.64
1550,2.64,2.64,2.64,2.64
1551,2.65,2.64,2.64,2.64
1552,2.64,2.64,2.64,2.64
1553,2.64,2.65,2.64,2.64
1554,2.64,2.64,2.64,2.64
1555,2.64,2.64,2.64,2.64
1556,2.64,2.64,2.64,2.64
1557,2.64,2.64,2.64,2.64
1558,2.64,2.64,2.64,2.64
1559,2.64,2.63,2.63,2.63
1560,2.62,2.62,2.62,2.62
1561,2.60,2.60,2.61,2.60
1562,2.64,2.64,2.64,2.64
1563,2.62,2.62,2.62,2.62
1564,2.64,2.64,2.64,2.64
1565,2.63,2.63,2.63,2.63
1566,2.63,2.61,2.63,2.63
1567,2.62,2.62,2.62,2.62
1568,2.63,2.63,2.63,2.63
1569,2.62,2.62,2.62,2.62
1570,2.62,2.62,2.62,2.62
1571,2.62,2.62,2.62,2.62
1572,2.62,2.62,2.63,2.62
1573,2.62,2.62,2.62,2.62
1574,2.62,2.62,2.62,2.62
1575,2.63,2.63,2.63,2.63
1576,2.61,2.61,2.61,2.61
1577,2.63,2.62,2.63,2.62
1578,2.61,2.61,2.61,2.61
1579,2.61,2.61,2.61,2.61
1580,2.61,2.61,2.61,2.61
1581,2.61,2.61,2.61,2.61
1582,2.62,2.61,2.62,2.61
1583,2.62,2.62,2.62,2.62
1584,2.61,2.61,2.62,2.61
1585,2.61,2.61,2.61,2.61
1586,2.61,2.61,2.61,2.61
1587,2.62,2.62,2.62,2.62
1588,2.62,2.62,2.63,2.62
1589,2.61,2.61,2.61,2.61
1590,2.62,2.62,2.62,2.62
1591,2.63,2.63,2.63,2.62
1592,2.63,2.63,2.63,2.63
1593,2.63,2.63,2.63,2.63
1594,2.63,2.63,2.63,2.63
1595,2.63,2.63,2.63,2.63
1596,2.63,2.63,2.63,2.63
1597,2.63,2.63,2.63,2.63
1598,2.63,2.63,2.63,2.63
1599,2.63,2.63,2.63,2.63
1600,2.63,2.63,2.63,2.63
1601,2.63,2.63,2.63,2.63
1602,2.63,2.63,2.63,2.63
1603,2.63,2.63,2.63,2.63
1604,2.63,2.63,2.63,2.63
1605,2.63,2.63,2.63,2.63
1606,2.63,2.63,2.63,2.63
1607,2.63,2.63,2.63,2.63
1608,2.63,2.63,2.63,2.63
1609,2.63,2.63,2.63,2.63
1610,2.63,2.63,2.63,2.63
1611,2.63,2.63,2.63,2.63
1612,2.63,2.63,2.63,2.63
1613,2.63,2.63,2.64,2.63
1614,2.63,2.63,2.63,2.63
1615,2.63,2.63,2.63,2.63
1616,2.63,2.63,2.63,2.63
1617,2.63,2.63,2.63,2.63
1618,2.63,2.63,2.63,2.63
1619,2.63,2.63,2.63,2.63
1620,2.63,2.63,2.63,2.63
1621,2.63,2.63,2.63,2.63
1622,2.63,2.63,2.63,2.63
1623,2.63,2.63,2.63,2.63
1624,2.63,2.63,2.63,2.63
1625,2.63,2.63,2.63,2.63
1626,2.63,2.63,2.63,2.63
1627,2.63,2.63,2.63,2.63
1628,2.63,2.63,2.63,2.63
1629,2.63,2.63,2.63,2.63
1630,2.63,2.63,2.63,2.63
1631,2.63,2.63,2.63,2.63
1632,2.63,2.63,2.63,2.63
1633,2.63,2.63,2.63,2.63
1634,2.63,2.63,2.63,2.63
1635,2.63,2.63,2.63,2.63
1636,2.63,2.63,2.63,2.63
1637,2.63,2.63,2.63,2.63
1638,2.63,2.63,2.63,2.63
1639,2.63,2.63,2.63,2.63
1640,2.63,2.63,2.63,2.63
1641,2.63,2.63,2.63,2.63
1642,2.63,2.63,2.63,2.62
1643,2.63,2.63,2.63,2.63
1644,2.63,2.63,2.63,2.63
1645,2.63,2.63,2.63,2.62
1646,2.63,2.63,2.63,2.63
1647,2.63,2.63,2.63,2.63
1648,2.63,2.63,2.63,2.63
1649,2.63,2.63,2.63,2.63
1650,2.63,2.63,2.63,2.63
1651,2.63,2.63,2.63,2.63
1652,2.63,2.63,2.63,2.63
1653,2.63,2.63,2.63,2.63
1654,2.63,2.63,2.63,2.63
1655,2.63,2.63,2.62,2.63
1656,2.63,2.63,2.63,2.63
1657,2.63,2.63,2.63,2.63
1658,2.63,2.63,2.63,2.63
1659,2.63,2.63,2.63,2.63
1660,2.63,2.63,2.63,2.63
1661,2.63,2.63,2.63,2.63
1662,2.63,2.63,2.63,2.63
1663,2.63,2.63,2.63,2.63
1664,2.63,2.63,2.63,2.63
1665,2.63,2.63,2.63,2.63
1666,2.63,2.63,2.63,2.63
1667,2.63,2.63,2.63,2.63
